-- MySQL dump 10.16  Distrib 10.1.30-MariaDB, for debian-linux-gnu (x86_64)
--
-- Host: localhost    Database: esra
-- ------------------------------------------------------
-- Server version	10.1.30-MariaDB-0ubuntu0.17.10.1

/*!40101 SET @OLD_CHARACTER_SET_CLIENT=@@CHARACTER_SET_CLIENT */;
/*!40101 SET @OLD_CHARACTER_SET_RESULTS=@@CHARACTER_SET_RESULTS */;
/*!40101 SET @OLD_COLLATION_CONNECTION=@@COLLATION_CONNECTION */;
/*!40101 SET NAMES utf8mb4 */;
/*!40103 SET @OLD_TIME_ZONE=@@TIME_ZONE */;
/*!40103 SET TIME_ZONE='+00:00' */;
/*!40014 SET @OLD_UNIQUE_CHECKS=@@UNIQUE_CHECKS, UNIQUE_CHECKS=0 */;
/*!40014 SET @OLD_FOREIGN_KEY_CHECKS=@@FOREIGN_KEY_CHECKS, FOREIGN_KEY_CHECKS=0 */;
/*!40101 SET @OLD_SQL_MODE=@@SQL_MODE, SQL_MODE='NO_AUTO_VALUE_ON_ZERO' */;
/*!40111 SET @OLD_SQL_NOTES=@@SQL_NOTES, SQL_NOTES=0 */;

--
-- Table structure for table `Avionics_State`
--

DROP TABLE IF EXISTS `Avionics_State`;
/*!40101 SET @saved_cs_client     = @@character_set_client */;
/*!40101 SET character_set_client = utf8 */;
CREATE TABLE `Avionics_State` (
  `id` int(11) NOT NULL AUTO_INCREMENT,
  `state` varchar(25) NOT NULL,
  PRIMARY KEY (`id`)
) ENGINE=InnoDB DEFAULT CHARSET=utf8;
/*!40101 SET character_set_client = @saved_cs_client */;

--
-- Dumping data for table `Avionics_State`
--

LOCK TABLES `Avionics_State` WRITE;
/*!40000 ALTER TABLE `Avionics_State` DISABLE KEYS */;
/*!40000 ALTER TABLE `Avionics_State` ENABLE KEYS */;
UNLOCK TABLES;

--
-- Table structure for table `BeelineGPS`
--

DROP TABLE IF EXISTS `BeelineGPS`;
/*!40101 SET @saved_cs_client     = @@character_set_client */;
/*!40101 SET character_set_client = utf8 */;
CREATE TABLE `BeelineGPS` (
  `id` int(11) NOT NULL AUTO_INCREMENT,
  `f_id` int(11) NOT NULL,
  `c_id` int(11) NOT NULL,
  `p_id` int(11) NOT NULL,
  `time` datetime(4) DEFAULT CURRENT_TIMESTAMP(4),
  `lat` varchar(25) DEFAULT NULL,
  `lon` varchar(25) DEFAULT NULL,
  `alt` int(6) DEFAULT '0',
  PRIMARY KEY (`id`),
  KEY `f_id` (`f_id`),
  KEY `c_id` (`c_id`),
  KEY `p_id` (`p_id`),
  CONSTRAINT `BeelineGPS_ibfk_1` FOREIGN KEY (`f_id`) REFERENCES `Flights` (`id`),
  CONSTRAINT `BeelineGPS_ibfk_2` FOREIGN KEY (`c_id`) REFERENCES `Callsigns` (`id`),
  CONSTRAINT `BeelineGPS_ibfk_3` FOREIGN KEY (`p_id`) REFERENCES `Parser_Status` (`id`)
) ENGINE=InnoDB AUTO_INCREMENT=601 DEFAULT CHARSET=utf8;
/*!40101 SET character_set_client = @saved_cs_client */;

--
-- Dumping data for table `BeelineGPS`
--

LOCK TABLES `BeelineGPS` WRITE;
/*!40000 ALTER TABLE `BeelineGPS` DISABLE KEYS */;
INSERT INTO `BeelineGPS` VALUES (1,1,1,1,'2018-03-23 12:59:51.5386','44.5727','-123.2773',5),(2,1,1,1,'2018-03-23 12:59:51.5808','44.5739','-123.2798',79),(3,1,1,1,'2018-03-23 12:59:51.6142','44.5786','-123.2893',154),(4,1,1,1,'2018-03-23 12:59:51.7145','44.5796','-123.2914',229),(5,1,1,1,'2018-03-23 12:59:51.7481','44.5814','-123.2951',304),(6,1,1,1,'2018-03-23 12:59:51.7813','44.5843','-123.3008',378),(7,1,1,1,'2018-03-23 12:59:51.8148','44.5884','-123.309',453),(8,1,1,1,'2018-03-23 12:59:51.8482','44.594','-123.3101',527),(9,1,1,1,'2018-03-23 12:59:51.8816','44.6012','-123.3115',601),(10,1,1,1,'2018-03-23 12:59:51.9150','44.6103','-123.3133',675),(11,1,1,1,'2018-03-23 12:59:51.9485','44.6114','-123.3156',750),(12,1,1,1,'2018-03-23 12:59:51.9818','44.6128','-123.3183',823),(13,1,1,1,'2018-03-23 12:59:52.0153','44.6144','-123.3215',897),(14,1,1,1,'2018-03-23 12:59:52.0487','44.6163','-123.3253',971),(15,1,1,1,'2018-03-23 12:59:52.0822','44.6185','-123.3297',1045),(16,1,1,1,'2018-03-23 12:59:52.1155','44.621','-123.3347',1118),(17,1,1,1,'2018-03-23 12:59:52.1490','44.6238','-123.3404',1192),(18,1,1,1,'2018-03-23 12:59:52.1824','44.627','-123.3468',1265),(19,1,1,1,'2018-03-23 12:59:52.2159','44.6306','-123.354',1338),(20,1,1,1,'2018-03-23 12:59:52.2493','44.6346','-123.362',1411),(21,1,1,1,'2018-03-23 12:59:52.2827','44.639','-123.3708',1485),(22,1,1,1,'2018-03-23 12:59:52.3161','44.6438','-123.3805',1557),(23,1,1,1,'2018-03-23 12:59:52.3496','44.6491','-123.3816',1630),(24,1,1,1,'2018-03-23 12:59:52.3746','44.6549','-123.3828',1703),(25,1,1,1,'2018-03-23 12:59:52.3998','44.6612','-123.3841',1776),(26,1,1,1,'2018-03-23 12:59:52.4249','44.668','-123.3855',1848),(27,1,1,1,'2018-03-23 12:59:52.4500','44.6754','-123.387',1921),(28,1,1,1,'2018-03-23 12:59:52.4751','44.6833','-123.3886',1993),(29,1,1,1,'2018-03-23 12:59:52.5001','44.6918','-123.3903',2065),(30,1,1,1,'2018-03-23 12:59:52.5252','44.7009','-123.3921',2137),(31,1,1,1,'2018-03-23 12:59:52.5503','44.7107','-123.3941',2210),(32,1,1,1,'2018-03-23 12:59:52.5754','44.7117','-123.3962',2281),(33,1,1,1,'2018-03-23 12:59:52.6005','44.7128','-123.3984',2353),(34,1,1,1,'2018-03-23 12:59:52.6256','44.714','-123.4008',2425),(35,1,1,1,'2018-03-23 12:59:52.6507','44.7152','-123.4033',2497),(36,1,1,1,'2018-03-23 12:59:52.6757','44.7165','-123.4059',2568),(37,1,1,1,'2018-03-23 12:59:52.7093','44.7179','-123.4087',2640),(38,1,1,1,'2018-03-23 12:59:52.7428','44.7194','-123.4116',2711),(39,1,1,1,'2018-03-23 12:59:52.7762','44.7209','-123.4147',2782),(40,1,1,1,'2018-03-23 12:59:52.8095','44.7225','-123.418',2853),(41,1,1,1,'2018-03-23 12:59:52.8430','44.7242','-123.4214',2925),(42,1,1,1,'2018-03-23 12:59:52.8764','44.726','-123.425',2995),(43,1,1,1,'2018-03-23 12:59:52.9098','44.7279','-123.4288',3066),(44,1,1,1,'2018-03-23 12:59:52.9434','44.7299','-123.4327',3137),(45,1,1,1,'2018-03-23 12:59:52.9768','44.732','-123.4368',3208),(46,1,1,1,'2018-03-23 12:59:53.0101','44.7341','-123.4411',3278),(47,1,1,1,'2018-03-23 12:59:53.0436','44.7363','-123.4456',3349),(48,1,1,1,'2018-03-23 12:59:53.0769','44.7386','-123.4503',3419),(49,1,1,1,'2018-03-23 12:59:53.1103','44.741','-123.4552',3489),(50,1,1,1,'2018-03-23 12:59:53.1439','44.7435','-123.4603',3559),(51,1,1,1,'2018-03-23 12:59:53.2523','44.7461','-123.4656',3630),(52,1,1,1,'2018-03-23 12:59:53.3107','44.7488','-123.4711',3699),(53,1,1,1,'2018-03-23 12:59:53.4192','44.7516','-123.4768',3769),(54,1,1,1,'2018-03-23 12:59:53.5277','44.7545','-123.4827',3839),(55,1,1,1,'2018-03-23 12:59:53.6194','44.7576','-123.4888',3909),(56,1,1,1,'2018-03-23 12:59:53.7278','44.7608','-123.4951',3978),(57,1,1,1,'2018-03-23 12:59:53.7613','44.7641','-123.5017',4048),(58,1,1,1,'2018-03-23 12:59:53.7947','44.7675','-123.5085',4117),(59,1,1,1,'2018-03-23 12:59:53.8286','44.771','-123.5155',4186),(60,1,1,1,'2018-03-23 12:59:53.8621','44.7746','-123.5227',4255),(61,1,1,1,'2018-03-23 12:59:53.8955','44.7783','-123.5302',4325),(62,1,1,1,'2018-03-23 12:59:53.9290','44.7822','-123.5379',4393),(63,1,1,1,'2018-03-23 12:59:53.9622','44.7862','-123.5459',4462),(64,1,1,1,'2018-03-23 12:59:53.9959','44.7903','-123.5541',4531),(65,1,1,1,'2018-03-23 12:59:54.0293','44.7945','-123.5626',4600),(66,1,1,1,'2018-03-23 12:59:54.0625','44.7989','-123.5713',4668),(67,1,1,1,'2018-03-23 12:59:54.0961','44.8034','-123.5803',4737),(68,1,1,1,'2018-03-23 12:59:54.1294','44.808','-123.5895',4805),(69,1,1,1,'2018-03-23 12:59:54.1628','44.8127','-123.599',4873),(70,1,1,1,'2018-03-23 12:59:54.1963','44.8176','-123.6088',4941),(71,1,1,1,'2018-03-23 12:59:54.2298','44.8226','-123.6098',5010),(72,1,1,1,'2018-03-23 12:59:54.2632','44.8278','-123.6108',5077),(73,1,1,1,'2018-03-23 12:59:54.2965','44.8331','-123.6119',5145),(74,1,1,1,'2018-03-23 12:59:54.3301','44.8385','-123.613',5213),(75,1,1,1,'2018-03-23 12:59:54.3634','44.8441','-123.6141',5281),(76,1,1,1,'2018-03-23 12:59:54.3969','44.8498','-123.6152',5348),(77,1,1,1,'2018-03-23 12:59:54.4304','44.8557','-123.6164',5416),(78,1,1,1,'2018-03-23 12:59:54.4636','44.8617','-123.6176',5483),(79,1,1,1,'2018-03-23 12:59:54.4972','44.8679','-123.6188',5550),(80,1,1,1,'2018-03-23 12:59:54.5306','44.8742','-123.6201',5617),(81,1,1,1,'2018-03-23 12:59:54.5642','44.8807','-123.6214',5685),(82,1,1,1,'2018-03-23 12:59:54.7863','44.8873','-123.6227',5751),(83,1,1,1,'2018-03-23 12:59:54.8394','44.8941','-123.6241',5818),(84,1,1,1,'2018-03-23 12:59:54.8729','44.901','-123.6255',5885),(85,1,1,1,'2018-03-23 12:59:54.9063','44.9081','-123.6269',5952),(86,1,1,1,'2018-03-23 12:59:54.9397','44.9153','-123.6283',6018),(87,1,1,1,'2018-03-23 12:59:54.9731','44.9227','-123.6298',6085),(88,1,1,1,'2018-03-23 12:59:55.0066','44.9303','-123.6313',6151),(89,1,1,1,'2018-03-23 12:59:55.0399','44.938','-123.6328',6217),(90,1,1,1,'2018-03-23 12:59:55.0734','44.9459','-123.6344',6283),(91,1,1,1,'2018-03-23 12:59:55.1068','44.954','-123.636',6350),(92,1,1,1,'2018-03-23 12:59:55.1403','44.9622','-123.6376',6415),(93,1,1,1,'2018-03-23 12:59:55.1736','44.9706','-123.6393',6481),(94,1,1,1,'2018-03-23 12:59:55.2071','44.9792','-123.641',6547),(95,1,1,1,'2018-03-23 12:59:55.2405','44.9879','-123.6427',6613),(96,1,1,1,'2018-03-23 12:59:55.2740','44.9968','-123.6445',6678),(97,1,1,1,'2018-03-23 12:59:55.3074','45.0059','-123.6463',6744),(98,1,1,1,'2018-03-23 12:59:55.3409','45.0152','-123.6482',6809),(99,1,1,1,'2018-03-23 12:59:55.3743','45.0247','-123.6501',6874),(100,1,1,1,'2018-03-23 12:59:55.4077','45.0343','-123.652',6939),(101,1,2,1,'2018-03-23 12:59:55.4745','44.5727','-123.2773',5),(102,1,2,1,'2018-03-23 12:59:55.5079','44.5743','-123.2805',89),(103,1,2,1,'2018-03-23 12:59:55.5414','44.5804','-123.2817',174),(104,1,2,1,'2018-03-23 12:59:55.5748','44.5817','-123.2844',259),(105,1,2,1,'2018-03-23 12:59:55.6751','44.5841','-123.2891',343),(106,1,2,1,'2018-03-23 12:59:55.7085','44.5878','-123.2964',428),(107,1,2,1,'2018-03-23 12:59:55.7336','44.593','-123.2974',512),(108,1,2,1,'2018-03-23 12:59:55.7587','44.6001','-123.2988',596),(109,1,2,1,'2018-03-23 12:59:55.7837','44.6093','-123.3006',680),(110,1,2,1,'2018-03-23 12:59:55.8089','44.6105','-123.3029',764),(111,1,2,1,'2018-03-23 12:59:55.8340','44.6119','-123.3058',848),(112,1,2,1,'2018-03-23 12:59:55.8590','44.6136','-123.3093',931),(113,1,2,1,'2018-03-23 12:59:55.8841','44.6157','-123.3134',1014),(114,1,2,1,'2018-03-23 12:59:55.9092','44.6181','-123.3182',1098),(115,1,2,1,'2018-03-23 12:59:55.9343','44.6209','-123.3238',1181),(116,1,2,1,'2018-03-23 12:59:55.9593','44.6241','-123.3302',1264),(117,1,2,1,'2018-03-23 12:59:55.9845','44.6277','-123.3375',1347),(118,1,2,1,'2018-03-23 12:59:56.0847','44.6318','-123.3457',1429),(119,1,2,1,'2018-03-23 12:59:56.2430','44.6364','-123.3548',1512),(120,1,2,1,'2018-03-23 12:59:56.3516','44.6415','-123.3558',1594),(121,1,2,1,'2018-03-23 12:59:56.4517','44.6471','-123.3569',1677),(122,1,2,1,'2018-03-23 12:59:56.4851','44.6533','-123.3581',1759),(123,1,2,1,'2018-03-23 12:59:56.5185','44.6601','-123.3595',1841),(124,1,2,1,'2018-03-23 12:59:56.5520','44.6675','-123.361',1922),(125,1,2,1,'2018-03-23 12:59:56.5854','44.6755','-123.3626',2004),(126,1,2,1,'2018-03-23 12:59:56.6941','44.6842','-123.3643',2086),(127,1,2,1,'2018-03-23 12:59:56.7273','44.6936','-123.3662',2167),(128,1,2,1,'2018-03-23 12:59:56.7608','44.6946','-123.3682',2248),(129,1,2,1,'2018-03-23 12:59:56.7943','44.6957','-123.3704',2330),(130,1,2,1,'2018-03-23 12:59:56.8275','44.6969','-123.3727',2411),(131,1,2,1,'2018-03-23 12:59:56.8609','44.6981','-123.3752',2492),(132,1,2,1,'2018-03-23 12:59:56.8946','44.6994','-123.3778',2572),(133,1,2,1,'2018-03-23 12:59:56.9280','44.7008','-123.3806',2653),(134,1,2,1,'2018-03-23 12:59:56.9614','44.7023','-123.3836',2733),(135,1,2,1,'2018-03-23 12:59:56.9948','44.7039','-123.3868',2814),(136,1,2,1,'2018-03-23 12:59:57.0282','44.7056','-123.3902',2894),(137,1,2,1,'2018-03-23 12:59:57.0617','44.7074','-123.3937',2974),(138,1,2,1,'2018-03-23 12:59:57.0951','44.7093','-123.3974',3054),(139,1,2,1,'2018-03-23 12:59:57.1285','44.7113','-123.4013',3133),(140,1,2,1,'2018-03-23 12:59:57.1620','44.7134','-123.4054',3213),(141,1,2,1,'2018-03-23 12:59:57.1954','44.7156','-123.4097',3293),(142,1,2,1,'2018-03-23 12:59:57.2289','44.7179','-123.4142',3372),(143,1,2,1,'2018-03-23 12:59:57.2629','44.7203','-123.419',3451),(144,1,2,1,'2018-03-23 12:59:57.2963','44.7228','-123.424',3530),(145,1,2,1,'2018-03-23 12:59:57.3297','44.7254','-123.4292',3609),(146,1,2,1,'2018-03-23 12:59:57.3630','44.7281','-123.4346',3688),(147,1,2,1,'2018-03-23 12:59:57.3965','44.7309','-123.4403',3766),(148,1,2,1,'2018-03-23 12:59:57.4300','44.7339','-123.4462',3845),(149,1,2,1,'2018-03-23 12:59:57.4633','44.737','-123.4524',3923),(150,1,2,1,'2018-03-23 12:59:57.4969','44.7402','-123.4588',4001),(151,1,2,1,'2018-03-23 12:59:57.5302','44.7435','-123.4655',4080),(152,1,2,1,'2018-03-23 12:59:57.5637','44.747','-123.4724',4157),(153,1,2,1,'2018-03-23 12:59:57.6640','44.7506','-123.4796',4235),(154,1,2,1,'2018-03-23 12:59:57.6975','44.7543','-123.487',4313),(155,1,2,1,'2018-03-23 12:59:57.7308','44.7582','-123.4947',4390),(156,1,2,1,'2018-03-23 12:59:57.7642','44.7622','-123.5027',4468),(157,1,2,1,'2018-03-23 12:59:57.8312','44.7663','-123.511',4545),(158,1,2,1,'2018-03-23 12:59:57.8647','44.7706','-123.5195',4622),(159,1,2,1,'2018-03-23 12:59:57.8983','44.775','-123.5283',4699),(160,1,2,1,'2018-03-23 12:59:57.9316','44.7796','-123.5374',4776),(161,1,2,1,'2018-03-23 12:59:57.9651','44.7843','-123.5468',4853),(162,1,2,1,'2018-03-23 12:59:57.9985','44.7892','-123.5565',4929),(163,1,2,1,'2018-03-23 12:59:58.0319','44.7942','-123.5575',5005),(164,1,2,1,'2018-03-23 12:59:58.0655','44.7994','-123.5585',5082),(165,1,2,1,'2018-03-23 12:59:58.0988','44.8047','-123.5596',5158),(166,1,2,1,'2018-03-23 12:59:58.1322','44.8102','-123.5607',5234),(167,1,2,1,'2018-03-23 12:59:58.1657','44.8158','-123.5618',5310),(168,1,2,1,'2018-03-23 12:59:58.1989','44.8216','-123.563',5385),(169,1,2,1,'2018-03-23 12:59:58.2324','44.8276','-123.5642',5461),(170,1,2,1,'2018-03-23 12:59:58.2658','44.8337','-123.5654',5536),(171,1,2,1,'2018-03-23 12:59:58.2993','44.84','-123.5667',5612),(172,1,2,1,'2018-03-23 12:59:58.3327','44.8465','-123.568',5687),(173,1,2,1,'2018-03-23 12:59:58.3661','44.8531','-123.5693',5762),(174,1,2,1,'2018-03-23 12:59:58.3995','44.8599','-123.5707',5836),(175,1,2,1,'2018-03-23 12:59:58.4329','44.8669','-123.5721',5911),(176,1,2,1,'2018-03-23 12:59:58.4663','44.8741','-123.5735',5986),(177,1,2,1,'2018-03-23 12:59:58.4999','44.8814','-123.575',6060),(178,1,2,1,'2018-03-23 12:59:58.5333','44.8889','-123.5765',6134),(179,1,2,1,'2018-03-23 12:59:58.5666','44.8966','-123.578',6209),(180,1,2,1,'2018-03-23 12:59:58.6753','44.9045','-123.5796',6283),(181,1,2,1,'2018-03-23 12:59:58.7136','44.9126','-123.5812',6357),(182,1,2,1,'2018-03-23 12:59:58.7423','44.9209','-123.5829',6430),(183,1,2,1,'2018-03-23 12:59:58.7757','44.9294','-123.5846',6504),(184,1,2,1,'2018-03-23 12:59:58.8006','44.9381','-123.5863',6577),(185,1,2,1,'2018-03-23 12:59:58.9008','44.9469','-123.5881',6651),(186,1,2,1,'2018-03-23 12:59:58.9510','44.9559','-123.5899',6724),(187,1,2,1,'2018-03-23 12:59:59.0511','44.9651','-123.5917',6797),(188,1,2,1,'2018-03-23 12:59:59.1512','44.9745','-123.5936',6870),(189,1,2,1,'2018-03-23 12:59:59.2681','44.9841','-123.5955',6942),(190,1,2,1,'2018-03-23 12:59:59.2932','44.9939','-123.5975',7015),(191,1,2,1,'2018-03-23 12:59:59.3183','44.9949','-123.5995',7088),(192,1,2,1,'2018-03-23 12:59:59.3433','44.9959','-123.6016',7160),(193,1,2,1,'2018-03-23 12:59:59.3686','44.9969','-123.6037',7232),(194,1,2,1,'2018-03-23 12:59:59.3936','44.998','-123.6058',7304),(195,1,2,1,'2018-03-23 12:59:59.4269','44.9991','-123.608',7376),(196,1,2,1,'2018-03-23 12:59:59.4603','45.0002','-123.6102',7448),(197,1,2,1,'2018-03-23 12:59:59.4939','45.0013','-123.6125',7519),(198,1,2,1,'2018-03-23 12:59:59.5273','45.0025','-123.6148',7591),(199,1,2,1,'2018-03-23 12:59:59.5607','45.0037','-123.6171',7662),(200,1,2,1,'2018-03-23 12:59:59.6611','45.0049','-123.6195',7733),(201,1,1,1,'2018-04-01 09:11:26.9229','44.5727','-123.2773',5),(202,1,1,1,'2018-04-01 09:11:27.1128','44.5739','-123.2798',79),(203,1,1,1,'2018-04-01 09:11:27.1628','44.5786','-123.2893',154),(204,1,1,1,'2018-04-01 09:11:27.2130','44.5796','-123.2914',229),(205,1,1,1,'2018-04-01 09:11:27.2713','44.5814','-123.2951',304),(206,1,1,1,'2018-04-01 09:11:27.3216','44.5843','-123.3008',378),(207,1,1,1,'2018-04-01 09:11:27.3549','44.5884','-123.309',453),(208,1,1,1,'2018-04-01 09:11:27.4051','44.594','-123.3101',527),(209,1,1,1,'2018-04-01 09:11:27.4385','44.6012','-123.3115',601),(210,1,1,1,'2018-04-01 09:11:27.4718','44.6103','-123.3133',675),(211,1,1,1,'2018-04-01 09:11:27.5054','44.6114','-123.3156',750),(212,1,1,1,'2018-04-01 09:11:27.5388','44.6128','-123.3183',823),(213,1,1,1,'2018-04-01 09:11:27.5721','44.6144','-123.3215',897),(214,1,1,1,'2018-04-01 09:11:27.6152','44.6163','-123.3253',971),(215,1,1,1,'2018-04-01 09:11:27.6894','44.6185','-123.3297',1045),(216,1,1,1,'2018-04-01 09:11:27.7229','44.621','-123.3347',1118),(217,1,1,1,'2018-04-01 09:11:27.7729','44.6238','-123.3404',1192),(218,1,1,1,'2018-04-01 09:11:27.8063','44.627','-123.3468',1265),(219,1,1,1,'2018-04-01 09:11:27.8398','44.6306','-123.354',1338),(220,1,1,1,'2018-04-01 09:11:27.8898','44.6346','-123.362',1411),(221,1,1,1,'2018-04-01 09:11:27.9400','44.639','-123.3708',1485),(222,1,1,1,'2018-04-01 09:11:27.9901','44.6438','-123.3805',1557),(223,1,1,1,'2018-04-01 09:11:28.0235','44.6491','-123.3816',1630),(224,1,1,1,'2018-04-01 09:11:28.0736','44.6549','-123.3828',1703),(225,1,1,1,'2018-04-01 09:11:28.1487','44.6612','-123.3841',1776),(226,1,1,1,'2018-04-01 09:11:28.2990','44.668','-123.3855',1848),(227,1,1,1,'2018-04-01 09:11:28.3324','44.6754','-123.387',1921),(228,1,1,1,'2018-04-01 09:11:28.3658','44.6833','-123.3886',1993),(229,1,1,1,'2018-04-01 09:11:28.3992','44.6918','-123.3903',2065),(230,1,1,1,'2018-04-01 09:11:28.4326','44.7009','-123.3921',2137),(231,1,1,1,'2018-04-01 09:11:28.4660','44.7107','-123.3941',2210),(232,1,1,1,'2018-04-01 09:11:28.5245','44.7117','-123.3962',2281),(233,1,1,1,'2018-04-01 09:11:28.5579','44.7128','-123.3984',2353),(234,1,1,1,'2018-04-01 09:11:28.5913','44.714','-123.4008',2425),(235,1,1,1,'2018-04-01 09:11:28.6249','44.7152','-123.4033',2497),(236,1,1,1,'2018-04-01 09:11:28.6833','44.7165','-123.4059',2568),(237,1,1,1,'2018-04-01 09:11:28.7166','44.7179','-123.4087',2640),(238,1,1,1,'2018-04-01 09:11:28.8085','44.7194','-123.4116',2711),(239,1,1,1,'2018-04-01 09:11:28.9273','44.7209','-123.4147',2782),(240,1,1,1,'2018-04-01 09:11:28.9840','44.7225','-123.418',2853),(241,1,1,1,'2018-04-01 09:11:29.0175','44.7242','-123.4214',2925),(242,1,1,1,'2018-04-01 09:11:29.0509','44.726','-123.425',2995),(243,1,1,1,'2018-04-01 09:11:29.0843','44.7279','-123.4288',3066),(244,1,1,1,'2018-04-01 09:11:29.1177','44.7299','-123.4327',3137),(245,1,1,1,'2018-04-01 09:11:29.1512','44.732','-123.4368',3208),(246,1,1,1,'2018-04-01 09:11:29.1761','44.7341','-123.4411',3278),(247,1,1,1,'2018-04-01 09:11:29.2014','44.7363','-123.4456',3349),(248,1,1,1,'2018-04-01 09:11:29.2264','44.7386','-123.4503',3419),(249,1,1,1,'2018-04-01 09:11:29.2515','44.741','-123.4552',3489),(250,1,1,1,'2018-04-01 09:11:29.2766','44.7435','-123.4603',3559),(251,1,1,1,'2018-04-01 09:11:29.3017','44.7461','-123.4656',3630),(252,1,1,1,'2018-04-01 09:11:29.3268','44.7488','-123.4711',3699),(253,1,1,1,'2018-04-01 09:11:29.3518','44.7516','-123.4768',3769),(254,1,1,1,'2018-04-01 09:11:29.3769','44.7545','-123.4827',3839),(255,1,1,1,'2018-04-01 09:11:29.4188','44.7576','-123.4888',3909),(256,1,1,1,'2018-04-01 09:11:29.4605','44.7608','-123.4951',3978),(257,1,1,1,'2018-04-01 09:11:29.4855','44.7641','-123.5017',4048),(258,1,1,1,'2018-04-01 09:11:29.5107','44.7675','-123.5085',4117),(259,1,1,1,'2018-04-01 09:11:29.5441','44.771','-123.5155',4186),(260,1,1,1,'2018-04-01 09:11:29.5775','44.7746','-123.5227',4255),(261,1,1,1,'2018-04-01 09:11:29.6109','44.7783','-123.5302',4325),(262,1,1,1,'2018-04-01 09:11:29.6444','44.7822','-123.5379',4393),(263,1,1,1,'2018-04-01 09:11:29.6779','44.7862','-123.5459',4462),(264,1,1,1,'2018-04-01 09:11:29.7863','44.7903','-123.5541',4531),(265,1,1,1,'2018-04-01 09:11:29.8447','44.7945','-123.5626',4600),(266,1,1,1,'2018-04-01 09:11:29.9532','44.7989','-123.5713',4668),(267,1,1,1,'2018-04-01 09:11:30.0533','44.8034','-123.5803',4737),(268,1,1,1,'2018-04-01 09:11:30.1784','44.808','-123.5895',4805),(269,1,1,1,'2018-04-01 09:11:30.2868','44.8127','-123.599',4873),(270,1,1,1,'2018-04-01 09:11:30.3202','44.8176','-123.6088',4941),(271,1,1,1,'2018-04-01 09:11:30.3535','44.8226','-123.6098',5010),(272,1,1,1,'2018-04-01 09:11:30.3871','44.8278','-123.6108',5077),(273,1,1,1,'2018-04-01 09:11:30.4205','44.8331','-123.6119',5145),(274,1,1,1,'2018-04-01 09:11:30.4539','44.8385','-123.613',5213),(275,1,1,1,'2018-04-01 09:11:30.4873','44.8441','-123.6141',5281),(276,1,1,1,'2018-04-01 09:11:30.5207','44.8498','-123.6152',5348),(277,1,1,1,'2018-04-01 09:11:30.5542','44.8557','-123.6164',5416),(278,1,1,1,'2018-04-01 09:11:30.5882','44.8617','-123.6176',5483),(279,1,1,1,'2018-04-01 09:11:30.6216','44.8679','-123.6188',5550),(280,1,1,1,'2018-04-01 09:11:30.6550','44.8742','-123.6201',5617),(281,1,1,1,'2018-04-01 09:11:30.7051','44.8807','-123.6214',5685),(282,1,1,1,'2018-04-01 09:11:30.7387','44.8873','-123.6227',5751),(283,1,1,1,'2018-04-01 09:11:30.7719','44.8941','-123.6241',5818),(284,1,1,1,'2018-04-01 09:11:30.8055','44.901','-123.6255',5885),(285,1,1,1,'2018-04-01 09:11:30.8388','44.9081','-123.6269',5952),(286,1,1,1,'2018-04-01 09:11:30.8723','44.9153','-123.6283',6018),(287,1,1,1,'2018-04-01 09:11:30.9057','44.9227','-123.6298',6085),(288,1,1,1,'2018-04-01 09:11:30.9391','44.9303','-123.6313',6151),(289,1,1,1,'2018-04-01 09:11:30.9892','44.938','-123.6328',6217),(290,1,1,1,'2018-04-01 09:11:31.0227','44.9459','-123.6344',6283),(291,1,1,1,'2018-04-01 09:11:31.0561','44.954','-123.636',6350),(292,1,1,1,'2018-04-01 09:11:31.0896','44.9622','-123.6376',6415),(293,1,1,1,'2018-04-01 09:11:31.1230','44.9706','-123.6393',6481),(294,1,1,1,'2018-04-01 09:11:31.1564','44.9792','-123.641',6547),(295,1,1,1,'2018-04-01 09:11:31.1898','44.9879','-123.6427',6613),(296,1,1,1,'2018-04-01 09:11:31.2233','44.9968','-123.6445',6678),(297,1,1,1,'2018-04-01 09:11:31.2566','45.0059','-123.6463',6744),(298,1,1,1,'2018-04-01 09:11:31.3150','45.0152','-123.6482',6809),(299,1,1,1,'2018-04-01 09:11:31.3486','45.0247','-123.6501',6874),(300,1,1,1,'2018-04-01 09:11:31.3819','45.0343','-123.652',6939),(301,1,2,1,'2018-04-01 09:11:31.4251','44.5727','-123.2773',5),(302,1,2,1,'2018-04-01 09:11:31.4571','44.5743','-123.2805',89),(303,1,2,1,'2018-04-01 09:11:31.4905','44.5804','-123.2817',174),(304,1,2,1,'2018-04-01 09:11:31.5238','44.5817','-123.2844',259),(305,1,2,1,'2018-04-01 09:11:31.5573','44.5841','-123.2891',343),(306,1,2,1,'2018-04-01 09:11:31.5907','44.5878','-123.2964',428),(307,1,2,1,'2018-04-01 09:11:31.6242','44.593','-123.2974',512),(308,1,2,1,'2018-04-01 09:11:31.6575','44.6001','-123.2988',596),(309,1,2,1,'2018-04-01 09:11:31.6910','44.6093','-123.3006',680),(310,1,2,1,'2018-04-01 09:11:31.7246','44.6105','-123.3029',764),(311,1,2,1,'2018-04-01 09:11:31.7580','44.6119','-123.3058',848),(312,1,2,1,'2018-04-01 09:11:31.7914','44.6136','-123.3093',931),(313,1,2,1,'2018-04-01 09:11:31.8248','44.6157','-123.3134',1014),(314,1,2,1,'2018-04-01 09:11:31.8582','44.6181','-123.3182',1098),(315,1,2,1,'2018-04-01 09:11:31.8917','44.6209','-123.3238',1181),(316,1,2,1,'2018-04-01 09:11:31.9250','44.6241','-123.3302',1264),(317,1,2,1,'2018-04-01 09:11:31.9585','44.6277','-123.3375',1347),(318,1,2,1,'2018-04-01 09:11:31.9918','44.6318','-123.3457',1429),(319,1,2,1,'2018-04-01 09:11:32.0254','44.6364','-123.3548',1512),(320,1,2,1,'2018-04-01 09:11:32.0588','44.6415','-123.3558',1594),(321,1,2,1,'2018-04-01 09:11:32.0922','44.6471','-123.3569',1677),(322,1,2,1,'2018-04-01 09:11:32.1256','44.6533','-123.3581',1759),(323,1,2,1,'2018-04-01 09:11:32.1590','44.6601','-123.3595',1841),(324,1,2,1,'2018-04-01 09:11:32.1924','44.6675','-123.361',1922),(325,1,2,1,'2018-04-01 09:11:32.2259','44.6755','-123.3626',2004),(326,1,2,1,'2018-04-01 09:11:32.2593','44.6842','-123.3643',2086),(327,1,2,1,'2018-04-01 09:11:32.2928','44.6936','-123.3662',2167),(328,1,2,1,'2018-04-01 09:11:32.3262','44.6946','-123.3682',2248),(329,1,2,1,'2018-04-01 09:11:32.3596','44.6957','-123.3704',2330),(330,1,2,1,'2018-04-01 09:11:32.3931','44.6969','-123.3727',2411),(331,1,2,1,'2018-04-01 09:11:32.4264','44.6981','-123.3752',2492),(332,1,2,1,'2018-04-01 09:11:32.5266','44.6994','-123.3778',2572),(333,1,2,1,'2018-04-01 09:11:32.5766','44.7008','-123.3806',2653),(334,1,2,1,'2018-04-01 09:11:32.6768','44.7023','-123.3836',2733),(335,1,2,1,'2018-04-01 09:11:32.7769','44.7039','-123.3868',2814),(336,1,2,1,'2018-04-01 09:11:32.8686','44.7056','-123.3902',2894),(337,1,2,1,'2018-04-01 09:11:32.8937','44.7074','-123.3937',2974),(338,1,2,1,'2018-04-01 09:11:32.9188','44.7093','-123.3974',3054),(339,1,2,1,'2018-04-01 09:11:32.9439','44.7113','-123.4013',3133),(340,1,2,1,'2018-04-01 09:11:32.9691','44.7134','-123.4054',3213),(341,1,2,1,'2018-04-01 09:11:32.9941','44.7156','-123.4097',3293),(342,1,2,1,'2018-04-01 09:11:33.0192','44.7179','-123.4142',3372),(343,1,2,1,'2018-04-01 09:11:33.0443','44.7203','-123.419',3451),(344,1,2,1,'2018-04-01 09:11:33.0693','44.7228','-123.424',3530),(345,1,2,1,'2018-04-01 09:11:33.0944','44.7254','-123.4292',3609),(346,1,2,1,'2018-04-01 09:11:33.1195','44.7281','-123.4346',3688),(347,1,2,1,'2018-04-01 09:11:33.1528','44.7309','-123.4403',3766),(348,1,2,1,'2018-04-01 09:11:33.1864','44.7339','-123.4462',3845),(349,1,2,1,'2018-04-01 09:11:33.2198','44.737','-123.4524',3923),(350,1,2,1,'2018-04-01 09:11:33.2531','44.7402','-123.4588',4001),(351,1,2,1,'2018-04-01 09:11:33.2867','44.7435','-123.4655',4080),(352,1,2,1,'2018-04-01 09:11:33.3201','44.747','-123.4724',4157),(353,1,2,1,'2018-04-01 09:11:33.3535','44.7506','-123.4796',4235),(354,1,2,1,'2018-04-01 09:11:33.3870','44.7543','-123.487',4313),(355,1,2,1,'2018-04-01 09:11:33.4203','44.7582','-123.4947',4390),(356,1,2,1,'2018-04-01 09:11:33.4873','44.7622','-123.5027',4468),(357,1,2,1,'2018-04-01 09:11:33.5206','44.7663','-123.511',4545),(358,1,2,1,'2018-04-01 09:11:33.5542','44.7706','-123.5195',4622),(359,1,2,1,'2018-04-01 09:11:33.5876','44.775','-123.5283',4699),(360,1,2,1,'2018-04-01 09:11:33.6210','44.7796','-123.5374',4776),(361,1,2,1,'2018-04-01 09:11:33.6545','44.7843','-123.5468',4853),(362,1,2,1,'2018-04-01 09:11:33.6878','44.7892','-123.5565',4929),(363,1,2,1,'2018-04-01 09:11:33.7214','44.7942','-123.5575',5005),(364,1,2,1,'2018-04-01 09:11:33.7547','44.7994','-123.5585',5082),(365,1,2,1,'2018-04-01 09:11:33.7882','44.8047','-123.5596',5158),(366,1,2,1,'2018-04-01 09:11:33.8216','44.8102','-123.5607',5234),(367,1,2,1,'2018-04-01 09:11:33.8554','44.8158','-123.5618',5310),(368,1,2,1,'2018-04-01 09:11:33.8884','44.8216','-123.563',5385),(369,1,2,1,'2018-04-01 09:11:33.9223','44.8276','-123.5642',5461),(370,1,2,1,'2018-04-01 09:11:33.9558','44.8337','-123.5654',5536),(371,1,2,1,'2018-04-01 09:11:33.9893','44.84','-123.5667',5612),(372,1,2,1,'2018-04-01 09:11:34.0227','44.8465','-123.568',5687),(373,1,2,1,'2018-04-01 09:11:34.0560','44.8531','-123.5693',5762),(374,1,2,1,'2018-04-01 09:11:34.0895','44.8599','-123.5707',5836),(375,1,2,1,'2018-04-01 09:11:34.1230','44.8669','-123.5721',5911),(376,1,2,1,'2018-04-01 09:11:34.1563','44.8741','-123.5735',5986),(377,1,2,1,'2018-04-01 09:11:34.1898','44.8814','-123.575',6060),(378,1,2,1,'2018-04-01 09:11:34.2232','44.8889','-123.5765',6134),(379,1,2,1,'2018-04-01 09:11:34.2567','44.8966','-123.578',6209),(380,1,2,1,'2018-04-01 09:11:34.2901','44.9045','-123.5796',6283),(381,1,2,1,'2018-04-01 09:11:34.3236','44.9126','-123.5812',6357),(382,1,2,1,'2018-04-01 09:11:34.3569','44.9209','-123.5829',6430),(383,1,2,1,'2018-04-01 09:11:34.3903','44.9294','-123.5846',6504),(384,1,2,1,'2018-04-01 09:11:34.4238','44.9381','-123.5863',6577),(385,1,2,1,'2018-04-01 09:11:34.4572','44.9469','-123.5881',6651),(386,1,2,1,'2018-04-01 09:11:34.4906','44.9559','-123.5899',6724),(387,1,2,1,'2018-04-01 09:11:34.5241','44.9651','-123.5917',6797),(388,1,2,1,'2018-04-01 09:11:34.5574','44.9745','-123.5936',6870),(389,1,2,1,'2018-04-01 09:11:34.5909','44.9841','-123.5955',6942),(390,1,2,1,'2018-04-01 09:11:34.6243','44.9939','-123.5975',7015),(391,1,2,1,'2018-04-01 09:11:34.6577','44.9949','-123.5995',7088),(392,1,2,1,'2018-04-01 09:11:34.6912','44.9959','-123.6016',7160),(393,1,2,1,'2018-04-01 09:11:34.7247','44.9969','-123.6037',7232),(394,1,2,1,'2018-04-01 09:11:34.7664','44.998','-123.6058',7304),(395,1,2,1,'2018-04-01 09:11:34.7998','44.9991','-123.608',7376),(396,1,2,1,'2018-04-01 09:11:34.8332','45.0002','-123.6102',7448),(397,1,2,1,'2018-04-01 09:11:34.8665','45.0013','-123.6125',7519),(398,1,2,1,'2018-04-01 09:11:34.9001','45.0025','-123.6148',7591),(399,1,2,1,'2018-04-01 09:11:34.9335','45.0037','-123.6171',7662),(400,1,2,1,'2018-04-01 09:11:35.0336','45.0049','-123.6195',7733),(401,1,1,1,'2018-04-01 09:14:57.0418','44.5727','-123.2773',5),(402,1,1,1,'2018-04-01 09:14:57.0911','44.5739','-123.2798',79),(403,1,1,1,'2018-04-01 09:14:57.1245','44.5786','-123.2893',154),(404,1,1,1,'2018-04-01 09:14:57.1579','44.5796','-123.2914',229),(405,1,1,1,'2018-04-01 09:14:57.1913','44.5814','-123.2951',304),(406,1,1,1,'2018-04-01 09:14:57.2247','44.5843','-123.3008',378),(407,1,1,1,'2018-04-01 09:14:57.2582','44.5884','-123.309',453),(408,1,1,1,'2018-04-01 09:14:57.2916','44.594','-123.3101',527),(409,1,1,1,'2018-04-01 09:14:57.3167','44.6012','-123.3115',601),(410,1,1,1,'2018-04-01 09:14:57.3417','44.6103','-123.3133',675),(411,1,1,1,'2018-04-01 09:14:57.3836','44.6114','-123.3156',750),(412,1,1,1,'2018-04-01 09:14:57.4088','44.6128','-123.3183',823),(413,1,1,1,'2018-04-01 09:14:57.4339','44.6144','-123.3215',897),(414,1,1,1,'2018-04-01 09:14:57.4588','44.6163','-123.3253',971),(415,1,1,1,'2018-04-01 09:14:57.4839','44.6185','-123.3297',1045),(416,1,1,1,'2018-04-01 09:14:57.5090','44.621','-123.3347',1118),(417,1,1,1,'2018-04-01 09:14:57.5341','44.6238','-123.3404',1192),(418,1,1,1,'2018-04-01 09:14:57.5592','44.627','-123.3468',1265),(419,1,1,1,'2018-04-01 09:14:57.5842','44.6306','-123.354',1338),(420,1,1,1,'2018-04-01 09:14:57.6094','44.6346','-123.362',1411),(421,1,1,1,'2018-04-01 09:14:57.6428','44.639','-123.3708',1485),(422,1,1,1,'2018-04-01 09:14:57.6762','44.6438','-123.3805',1557),(423,1,1,1,'2018-04-01 09:14:57.7096','44.6491','-123.3816',1630),(424,1,1,1,'2018-04-01 09:14:57.7431','44.6549','-123.3828',1703),(425,1,1,1,'2018-04-01 09:14:57.7765','44.6612','-123.3841',1776),(426,1,1,1,'2018-04-01 09:14:57.8099','44.668','-123.3855',1848),(427,1,1,1,'2018-04-01 09:14:57.8433','44.6754','-123.387',1921),(428,1,1,1,'2018-04-01 09:14:57.8768','44.6833','-123.3886',1993),(429,1,1,1,'2018-04-01 09:14:57.9102','44.6918','-123.3903',2065),(430,1,1,1,'2018-04-01 09:14:57.9437','44.7009','-123.3921',2137),(431,1,1,1,'2018-04-01 09:14:57.9772','44.7107','-123.3941',2210),(432,1,1,1,'2018-04-01 09:14:58.0106','44.7117','-123.3962',2281),(433,1,1,1,'2018-04-01 09:14:58.0440','44.7128','-123.3984',2353),(434,1,1,1,'2018-04-01 09:14:58.0775','44.714','-123.4008',2425),(435,1,1,1,'2018-04-01 09:14:58.1108','44.7152','-123.4033',2497),(436,1,1,1,'2018-04-01 09:14:58.1442','44.7165','-123.4059',2568),(437,1,1,1,'2018-04-01 09:14:58.1778','44.7179','-123.4087',2640),(438,1,1,1,'2018-04-01 09:14:58.2111','44.7194','-123.4116',2711),(439,1,1,1,'2018-04-01 09:14:58.2445','44.7209','-123.4147',2782),(440,1,1,1,'2018-04-01 09:14:58.2780','44.7225','-123.418',2853),(441,1,1,1,'2018-04-01 09:14:58.3113','44.7242','-123.4214',2925),(442,1,1,1,'2018-04-01 09:14:58.3449','44.726','-123.425',2995),(443,1,1,1,'2018-04-01 09:14:58.3783','44.7279','-123.4288',3066),(444,1,1,1,'2018-04-01 09:14:58.4283','44.7299','-123.4327',3137),(445,1,1,1,'2018-04-01 09:14:58.4618','44.732','-123.4368',3208),(446,1,1,1,'2018-04-01 09:14:58.4953','44.7341','-123.4411',3278),(447,1,1,1,'2018-04-01 09:14:58.5286','44.7363','-123.4456',3349),(448,1,1,1,'2018-04-01 09:14:58.6289','44.7386','-123.4503',3419),(449,1,1,1,'2018-04-01 09:14:58.6622','44.741','-123.4552',3489),(450,1,1,1,'2018-04-01 09:14:58.6957','44.7435','-123.4603',3559),(451,1,1,1,'2018-04-01 09:14:58.7291','44.7461','-123.4656',3630),(452,1,1,1,'2018-04-01 09:14:58.7627','44.7488','-123.4711',3699),(453,1,1,1,'2018-04-01 09:14:58.7961','44.7516','-123.4768',3769),(454,1,1,1,'2018-04-01 09:14:58.8294','44.7545','-123.4827',3839),(455,1,1,1,'2018-04-01 09:14:58.8628','44.7576','-123.4888',3909),(456,1,1,1,'2018-04-01 09:14:58.8963','44.7608','-123.4951',3978),(457,1,1,1,'2018-04-01 09:14:58.9297','44.7641','-123.5017',4048),(458,1,1,1,'2018-04-01 09:14:58.9631','44.7675','-123.5085',4117),(459,1,1,1,'2018-04-01 09:14:58.9965','44.771','-123.5155',4186),(460,1,1,1,'2018-04-01 09:14:59.0300','44.7746','-123.5227',4255),(461,1,1,1,'2018-04-01 09:14:59.1301','44.7783','-123.5302',4325),(462,1,1,1,'2018-04-01 09:14:59.1803','44.7822','-123.5379',4393),(463,1,1,1,'2018-04-01 09:14:59.2805','44.7862','-123.5459',4462),(464,1,1,1,'2018-04-01 09:14:59.3806','44.7903','-123.5541',4531),(465,1,1,1,'2018-04-01 09:14:59.4722','44.7945','-123.5626',4600),(466,1,1,1,'2018-04-01 09:14:59.5056','44.7989','-123.5713',4668),(467,1,1,1,'2018-04-01 09:14:59.5390','44.8034','-123.5803',4737),(468,1,1,1,'2018-04-01 09:14:59.5724','44.808','-123.5895',4805),(469,1,1,1,'2018-04-01 09:14:59.6058','44.8127','-123.599',4873),(470,1,1,1,'2018-04-01 09:14:59.6399','44.8176','-123.6088',4941),(471,1,1,1,'2018-04-01 09:14:59.6732','44.8226','-123.6098',5010),(472,1,1,1,'2018-04-01 09:14:59.7067','44.8278','-123.6108',5077),(473,1,1,1,'2018-04-01 09:14:59.7766','44.8331','-123.6119',5145),(474,1,1,1,'2018-04-01 09:14:59.8320','44.8385','-123.613',5213),(475,1,1,1,'2018-04-01 09:14:59.8654','44.8441','-123.6141',5281),(476,1,1,1,'2018-04-01 09:14:59.8989','44.8498','-123.6152',5348),(477,1,1,1,'2018-04-01 09:14:59.9323','44.8557','-123.6164',5416),(478,1,1,1,'2018-04-01 09:14:59.9657','44.8617','-123.6176',5483),(479,1,1,1,'2018-04-01 09:14:59.9992','44.8679','-123.6188',5550),(480,1,1,1,'2018-04-01 09:15:00.0325','44.8742','-123.6201',5617),(481,1,1,1,'2018-04-01 09:15:00.0660','44.8807','-123.6214',5685),(482,1,1,1,'2018-04-01 09:15:00.0995','44.8873','-123.6227',5751),(483,1,1,1,'2018-04-01 09:15:00.1329','44.8941','-123.6241',5818),(484,1,1,1,'2018-04-01 09:15:00.1663','44.901','-123.6255',5885),(485,1,1,1,'2018-04-01 09:15:00.1996','44.9081','-123.6269',5952),(486,1,1,1,'2018-04-01 09:15:00.2332','44.9153','-123.6283',6018),(487,1,1,1,'2018-04-01 09:15:00.2666','44.9227','-123.6298',6085),(488,1,1,1,'2018-04-01 09:15:00.3000','44.9303','-123.6313',6151),(489,1,1,1,'2018-04-01 09:15:00.3334','44.938','-123.6328',6217),(490,1,1,1,'2018-04-01 09:15:00.3668','44.9459','-123.6344',6283),(491,1,1,1,'2018-04-01 09:15:00.4003','44.954','-123.636',6350),(492,1,1,1,'2018-04-01 09:15:00.4337','44.9622','-123.6376',6415),(493,1,1,1,'2018-04-01 09:15:00.4671','44.9706','-123.6393',6481),(494,1,1,1,'2018-04-01 09:15:00.4921','44.9792','-123.641',6547),(495,1,1,1,'2018-04-01 09:15:00.5173','44.9879','-123.6427',6613),(496,1,1,1,'2018-04-01 09:15:00.5424','44.9968','-123.6445',6678),(497,1,1,1,'2018-04-01 09:15:00.5675','45.0059','-123.6463',6744),(498,1,1,1,'2018-04-01 09:15:00.5925','45.0152','-123.6482',6809),(499,1,1,1,'2018-04-01 09:15:00.6177','45.0247','-123.6501',6874),(500,1,1,1,'2018-04-01 09:15:00.6428','45.0343','-123.652',6939),(501,1,2,1,'2018-04-01 09:15:00.6682','44.5727','-123.2773',5),(502,1,2,1,'2018-04-01 09:15:00.6930','44.5743','-123.2805',89),(503,1,2,1,'2018-04-01 09:15:00.7181','44.5804','-123.2817',174),(504,1,2,1,'2018-04-01 09:15:00.8185','44.5817','-123.2844',259),(505,1,2,1,'2018-04-01 09:15:00.8520','44.5841','-123.2891',343),(506,1,2,1,'2018-04-01 09:15:00.8853','44.5878','-123.2964',428),(507,1,2,1,'2018-04-01 09:15:00.9271','44.593','-123.2974',512),(508,1,2,1,'2018-04-01 09:15:00.9606','44.6001','-123.2988',596),(509,1,2,1,'2018-04-01 09:15:01.0025','44.6093','-123.3006',680),(510,1,2,1,'2018-04-01 09:15:01.0359','44.6105','-123.3029',764),(511,1,2,1,'2018-04-01 09:15:01.0692','44.6119','-123.3058',848),(512,1,2,1,'2018-04-01 09:15:01.1027','44.6136','-123.3093',931),(513,1,2,1,'2018-04-01 09:15:01.1361','44.6157','-123.3134',1014),(514,1,2,1,'2018-04-01 09:15:01.1696','44.6181','-123.3182',1098),(515,1,2,1,'2018-04-01 09:15:01.2030','44.6209','-123.3238',1181),(516,1,2,1,'2018-04-01 09:15:01.2366','44.6241','-123.3302',1264),(517,1,2,1,'2018-04-01 09:15:01.2699','44.6277','-123.3375',1347),(518,1,2,1,'2018-04-01 09:15:01.3033','44.6318','-123.3457',1429),(519,1,2,1,'2018-04-01 09:15:01.3367','44.6364','-123.3548',1512),(520,1,2,1,'2018-04-01 09:15:01.3701','44.6415','-123.3558',1594),(521,1,2,1,'2018-04-01 09:15:01.4037','44.6471','-123.3569',1677),(522,1,2,1,'2018-04-01 09:15:01.4370','44.6533','-123.3581',1759),(523,1,2,1,'2018-04-01 09:15:01.4705','44.6601','-123.3595',1841),(524,1,2,1,'2018-04-01 09:15:01.5038','44.6675','-123.361',1922),(525,1,2,1,'2018-04-01 09:15:01.5373','44.6755','-123.3626',2004),(526,1,2,1,'2018-04-01 09:15:01.5706','44.6842','-123.3643',2086),(527,1,2,1,'2018-04-01 09:15:01.6041','44.6936','-123.3662',2167),(528,1,2,1,'2018-04-01 09:15:01.6403','44.6946','-123.3682',2248),(529,1,2,1,'2018-04-01 09:15:01.7460','44.6957','-123.3704',2330),(530,1,2,1,'2018-04-01 09:15:02.0046','44.6969','-123.3727',2411),(531,1,2,1,'2018-04-01 09:15:02.1047','44.6981','-123.3752',2492),(532,1,2,1,'2018-04-01 09:15:02.2215','44.6994','-123.3778',2572),(533,1,2,1,'2018-04-01 09:15:02.2549','44.7008','-123.3806',2653),(534,1,2,1,'2018-04-01 09:15:02.2883','44.7023','-123.3836',2733),(535,1,2,1,'2018-04-01 09:15:02.3217','44.7039','-123.3868',2814),(536,1,2,1,'2018-04-01 09:15:02.3552','44.7056','-123.3902',2894),(537,1,2,1,'2018-04-01 09:15:02.3887','44.7074','-123.3937',2974),(538,1,2,1,'2018-04-01 09:15:02.4221','44.7093','-123.3974',3054),(539,1,2,1,'2018-04-01 09:15:02.4554','44.7113','-123.4013',3133),(540,1,2,1,'2018-04-01 09:15:02.4888','44.7134','-123.4054',3213),(541,1,2,1,'2018-04-01 09:15:02.5224','44.7156','-123.4097',3293),(542,1,2,1,'2018-04-01 09:15:02.5557','44.7179','-123.4142',3372),(543,1,2,1,'2018-04-01 09:15:02.5891','44.7203','-123.419',3451),(544,1,2,1,'2018-04-01 09:15:02.6225','44.7228','-123.424',3530),(545,1,2,1,'2018-04-01 09:15:02.6561','44.7254','-123.4292',3609),(546,1,2,1,'2018-04-01 09:15:02.7315','44.7281','-123.4346',3688),(547,1,2,1,'2018-04-01 09:15:02.8325','44.7309','-123.4403',3766),(548,1,2,1,'2018-04-01 09:15:02.8658','44.7339','-123.4462',3845),(549,1,2,1,'2018-04-01 09:15:02.8993','44.737','-123.4524',3923),(550,1,2,1,'2018-04-01 09:15:02.9328','44.7402','-123.4588',4001),(551,1,2,1,'2018-04-01 09:15:02.9662','44.7435','-123.4655',4080),(552,1,2,1,'2018-04-01 09:15:02.9996','44.747','-123.4724',4157),(553,1,2,1,'2018-04-01 09:15:03.0331','44.7506','-123.4796',4235),(554,1,2,1,'2018-04-01 09:15:03.0665','44.7543','-123.487',4313),(555,1,2,1,'2018-04-01 09:15:03.1000','44.7582','-123.4947',4390),(556,1,2,1,'2018-04-01 09:15:03.1334','44.7622','-123.5027',4468),(557,1,2,1,'2018-04-01 09:15:03.1668','44.7663','-123.511',4545),(558,1,2,1,'2018-04-01 09:15:03.2002','44.7706','-123.5195',4622),(559,1,2,1,'2018-04-01 09:15:03.2336','44.775','-123.5283',4699),(560,1,2,1,'2018-04-01 09:15:03.2671','44.7796','-123.5374',4776),(561,1,2,1,'2018-04-01 09:15:03.3006','44.7843','-123.5468',4853),(562,1,2,1,'2018-04-01 09:15:03.3340','44.7892','-123.5565',4929),(563,1,2,1,'2018-04-01 09:15:03.3674','44.7942','-123.5575',5005),(564,1,2,1,'2018-04-01 09:15:03.4009','44.7994','-123.5585',5082),(565,1,2,1,'2018-04-01 09:15:03.4343','44.8047','-123.5596',5158),(566,1,2,1,'2018-04-01 09:15:03.4677','44.8102','-123.5607',5234),(567,1,2,1,'2018-04-01 09:15:03.4927','44.8158','-123.5618',5310),(568,1,2,1,'2018-04-01 09:15:03.5179','44.8216','-123.563',5385),(569,1,2,1,'2018-04-01 09:15:03.5429','44.8276','-123.5642',5461),(570,1,2,1,'2018-04-01 09:15:03.5680','44.8337','-123.5654',5536),(571,1,2,1,'2018-04-01 09:15:03.5930','44.84','-123.5667',5612),(572,1,2,1,'2018-04-01 09:15:03.6182','44.8465','-123.568',5687),(573,1,2,1,'2018-04-01 09:15:03.6433','44.8531','-123.5693',5762),(574,1,2,1,'2018-04-01 09:15:03.6684','44.8599','-123.5707',5836),(575,1,2,1,'2018-04-01 09:15:03.6934','44.8669','-123.5721',5911),(576,1,2,1,'2018-04-01 09:15:03.7185','44.8741','-123.5735',5986),(577,1,2,1,'2018-04-01 09:15:03.8607','44.8814','-123.575',6060),(578,1,2,1,'2018-04-01 09:15:03.9191','44.8889','-123.5765',6134),(579,1,2,1,'2018-04-01 09:15:03.9525','44.8966','-123.578',6209),(580,1,2,1,'2018-04-01 09:15:03.9858','44.9045','-123.5796',6283),(581,1,2,1,'2018-04-01 09:15:04.0193','44.9126','-123.5812',6357),(582,1,2,1,'2018-04-01 09:15:04.0527','44.9209','-123.5829',6430),(583,1,2,1,'2018-04-01 09:15:04.0861','44.9294','-123.5846',6504),(584,1,2,1,'2018-04-01 09:15:04.1196','44.9381','-123.5863',6577),(585,1,2,1,'2018-04-01 09:15:04.1529','44.9469','-123.5881',6651),(586,1,2,1,'2018-04-01 09:15:04.1864','44.9559','-123.5899',6724),(587,1,2,1,'2018-04-01 09:15:04.2198','44.9651','-123.5917',6797),(588,1,2,1,'2018-04-01 09:15:04.2533','44.9745','-123.5936',6870),(589,1,2,1,'2018-04-01 09:15:04.2868','44.9841','-123.5955',6942),(590,1,2,1,'2018-04-01 09:15:04.3202','44.9939','-123.5975',7015),(591,1,2,1,'2018-04-01 09:15:04.3535','44.9949','-123.5995',7088),(592,1,2,1,'2018-04-01 09:15:04.4121','44.9959','-123.6016',7160),(593,1,2,1,'2018-04-01 09:15:04.4456','44.9969','-123.6037',7232),(594,1,2,1,'2018-04-01 09:15:04.4789','44.998','-123.6058',7304),(595,1,2,1,'2018-04-01 09:15:04.5874','44.9991','-123.608',7376),(596,1,2,1,'2018-04-01 09:15:04.6458','45.0002','-123.6102',7448),(597,1,2,1,'2018-04-01 09:15:04.7544','45.0013','-123.6125',7519),(598,1,2,1,'2018-04-01 09:15:04.9879','45.0025','-123.6148',7591),(599,1,2,1,'2018-04-01 09:15:05.0213','45.0037','-123.6171',7662),(600,1,2,1,'2018-04-01 09:15:05.0549','45.0049','-123.6195',7733);
/*!40000 ALTER TABLE `BeelineGPS` ENABLE KEYS */;
UNLOCK TABLES;

--
-- Table structure for table `Callsigns`
--

DROP TABLE IF EXISTS `Callsigns`;
/*!40101 SET @saved_cs_client     = @@character_set_client */;
/*!40101 SET character_set_client = utf8 */;
CREATE TABLE `Callsigns` (
  `id` int(11) NOT NULL AUTO_INCREMENT,
  `callsign` varchar(25) NOT NULL,
  PRIMARY KEY (`id`,`callsign`),
  UNIQUE KEY `callsign` (`callsign`)
) ENGINE=InnoDB AUTO_INCREMENT=3 DEFAULT CHARSET=utf8;
/*!40101 SET character_set_client = @saved_cs_client */;

--
-- Dumping data for table `Callsigns`
--

LOCK TABLES `Callsigns` WRITE;
/*!40000 ALTER TABLE `Callsigns` DISABLE KEYS */;
INSERT INTO `Callsigns` VALUES (1,'Beeline1'),(2,'Beeline2');
/*!40000 ALTER TABLE `Callsigns` ENABLE KEYS */;
UNLOCK TABLES;

--
-- Table structure for table `Event_Logs`
--

DROP TABLE IF EXISTS `Event_Logs`;
/*!40101 SET @saved_cs_client     = @@character_set_client */;
/*!40101 SET character_set_client = utf8 */;
CREATE TABLE `Event_Logs` (
  `id` int(11) NOT NULL AUTO_INCREMENT,
  `f_id` int(11) NOT NULL,
  `time` datetime(4) DEFAULT CURRENT_TIMESTAMP(4),
  `event_type` varchar(255) DEFAULT NULL,
  `data` varchar(255) DEFAULT NULL,
  `status` varchar(25) DEFAULT NULL,
  PRIMARY KEY (`id`),
  KEY `f_id` (`f_id`),
  CONSTRAINT `Event_Logs_ibfk_1` FOREIGN KEY (`f_id`) REFERENCES `Flights` (`id`)
) ENGINE=InnoDB DEFAULT CHARSET=utf8;
/*!40101 SET character_set_client = @saved_cs_client */;

--
-- Dumping data for table `Event_Logs`
--

LOCK TABLES `Event_Logs` WRITE;
/*!40000 ALTER TABLE `Event_Logs` DISABLE KEYS */;
/*!40000 ALTER TABLE `Event_Logs` ENABLE KEYS */;
UNLOCK TABLES;

--
-- Table structure for table `Flights`
--

DROP TABLE IF EXISTS `Flights`;
/*!40101 SET @saved_cs_client     = @@character_set_client */;
/*!40101 SET character_set_client = utf8 */;
CREATE TABLE `Flights` (
  `id` int(11) NOT NULL AUTO_INCREMENT,
  `status` varchar(25) NOT NULL DEFAULT 'Inactive',
  PRIMARY KEY (`id`)
) ENGINE=InnoDB AUTO_INCREMENT=3 DEFAULT CHARSET=utf8;
/*!40101 SET character_set_client = @saved_cs_client */;

--
-- Dumping data for table `Flights`
--

LOCK TABLES `Flights` WRITE;
/*!40000 ALTER TABLE `Flights` DISABLE KEYS */;
INSERT INTO `Flights` VALUES (1,'Active'),(2,'Inactive');
/*!40000 ALTER TABLE `Flights` ENABLE KEYS */;
UNLOCK TABLES;

--
-- Table structure for table `Parser_Status`
--

DROP TABLE IF EXISTS `Parser_Status`;
/*!40101 SET @saved_cs_client     = @@character_set_client */;
/*!40101 SET character_set_client = utf8 */;
CREATE TABLE `Parser_Status` (
  `id` int(11) NOT NULL AUTO_INCREMENT,
  `serialNum` varchar(25) NOT NULL,
  `using_f_id` int(11) DEFAULT NULL,
  `last_activity` datetime DEFAULT CURRENT_TIMESTAMP,
  `status` varchar(25) DEFAULT NULL,
  `callsign` varchar(25) DEFAULT NULL,
  PRIMARY KEY (`id`,`serialNum`),
  UNIQUE KEY `serialNum` (`serialNum`),
  KEY `using_f_id` (`using_f_id`),
  CONSTRAINT `Parser_Status_ibfk_1` FOREIGN KEY (`using_f_id`) REFERENCES `Flights` (`id`)
) ENGINE=InnoDB AUTO_INCREMENT=2 DEFAULT CHARSET=utf8;
/*!40101 SET character_set_client = @saved_cs_client */;

--
-- Dumping data for table `Parser_Status`
--

LOCK TABLES `Parser_Status` WRITE;
/*!40000 ALTER TABLE `Parser_Status` DISABLE KEYS */;
INSERT INTO `Parser_Status` VALUES (1,'0000',NULL,'2018-03-23 12:58:43',NULL,NULL);
/*!40000 ALTER TABLE `Parser_Status` ENABLE KEYS */;
UNLOCK TABLES;

--
-- Table structure for table `Payload_Avionics`
--

DROP TABLE IF EXISTS `Payload_Avionics`;
/*!40101 SET @saved_cs_client     = @@character_set_client */;
/*!40101 SET character_set_client = utf8 */;
CREATE TABLE `Payload_Avionics` (
  `id` int(11) NOT NULL AUTO_INCREMENT,
  `f_id` int(11) NOT NULL,
  `s_id` int(11) NOT NULL,
  `time` datetime(4) NOT NULL,
  `acc_x` float DEFAULT NULL,
  `acc_y` float DEFAULT NULL,
  `acc_z` float DEFAULT NULL,
  `gyro_x` float DEFAULT NULL,
  `gyro_y` float DEFAULT NULL,
  `gyro_z` float DEFAULT NULL,
  `mag_x` float DEFAULT NULL,
  `mag_y` float DEFAULT NULL,
  `mag_z` float DEFAULT NULL,
  `temperature` float DEFAULT NULL,
  `prop_pid` int(11) DEFAULT NULL,
  `prop_pwm` int(11) DEFAULT NULL,
  `counter_pid` int(11) DEFAULT NULL,
  `counter_pwm` int(11) DEFAULT NULL,
  `alt` int(11) DEFAULT NULL,
  PRIMARY KEY (`id`),
  KEY `f_id` (`f_id`),
  KEY `s_id` (`s_id`),
  CONSTRAINT `Payload_Avionics_ibfk_1` FOREIGN KEY (`f_id`) REFERENCES `Flights` (`id`),
  CONSTRAINT `Payload_Avionics_ibfk_2` FOREIGN KEY (`s_id`) REFERENCES `Avionics_State` (`id`)
) ENGINE=InnoDB DEFAULT CHARSET=utf8;
/*!40101 SET character_set_client = @saved_cs_client */;

--
-- Dumping data for table `Payload_Avionics`
--

LOCK TABLES `Payload_Avionics` WRITE;
/*!40000 ALTER TABLE `Payload_Avionics` DISABLE KEYS */;
/*!40000 ALTER TABLE `Payload_Avionics` ENABLE KEYS */;
UNLOCK TABLES;

--
-- Table structure for table `Rocket_Avionics`
--

DROP TABLE IF EXISTS `Rocket_Avionics`;
/*!40101 SET @saved_cs_client     = @@character_set_client */;
/*!40101 SET character_set_client = utf8 */;
CREATE TABLE `Rocket_Avionics` (
  `id` int(11) NOT NULL AUTO_INCREMENT,
  `f_id` int(11) NOT NULL,
  `time` datetime(4) NOT NULL,
  `acc_x` decimal(10,0) NOT NULL,
  `acc_y` decimal(10,0) NOT NULL,
  `gyro_x` decimal(10,0) NOT NULL,
  PRIMARY KEY (`id`),
  KEY `f_id` (`f_id`),
  CONSTRAINT `Rocket_Avionics_ibfk_1` FOREIGN KEY (`f_id`) REFERENCES `Flights` (`id`)
) ENGINE=InnoDB DEFAULT CHARSET=utf8;
/*!40101 SET character_set_client = @saved_cs_client */;

--
-- Dumping data for table `Rocket_Avionics`
--

LOCK TABLES `Rocket_Avionics` WRITE;
/*!40000 ALTER TABLE `Rocket_Avionics` DISABLE KEYS */;
/*!40000 ALTER TABLE `Rocket_Avionics` ENABLE KEYS */;
UNLOCK TABLES;

--
-- Table structure for table `TeleMega_Sensor`
--

DROP TABLE IF EXISTS `TeleMega_Sensor`;
/*!40101 SET @saved_cs_client     = @@character_set_client */;
/*!40101 SET character_set_client = utf8 */;
CREATE TABLE `TeleMega_Sensor` (
  `id` int(11) NOT NULL AUTO_INCREMENT,
  `f_id` int(11) NOT NULL,
  `time` datetime NOT NULL,
  `orient` int(8) NOT NULL,
  `accel` int(16) NOT NULL,
  `pres` int(32) NOT NULL,
  `temp` int(16) NOT NULL,
  `accel_x` int(16) NOT NULL,
  `accel_y` int(16) NOT NULL,
  `accel_z` int(16) NOT NULL,
  `gyro_x` int(16) NOT NULL,
  `gyro_y` int(16) NOT NULL,
  `gyro_z` int(16) NOT NULL,
  `mag_x` int(16) NOT NULL,
  `mag_y` int(16) NOT NULL,
  `mag_z` int(16) NOT NULL,
  PRIMARY KEY (`id`),
  KEY `f_id` (`f_id`),
  CONSTRAINT `TeleMega_Sensor_ibfk_1` FOREIGN KEY (`f_id`) REFERENCES `Flights` (`id`)
) ENGINE=InnoDB DEFAULT CHARSET=utf8;
/*!40101 SET character_set_client = @saved_cs_client */;

--
-- Dumping data for table `TeleMega_Sensor`
--

LOCK TABLES `TeleMega_Sensor` WRITE;
/*!40000 ALTER TABLE `TeleMega_Sensor` DISABLE KEYS */;
/*!40000 ALTER TABLE `TeleMega_Sensor` ENABLE KEYS */;
UNLOCK TABLES;

--
-- Table structure for table `TeleMega_Voltage`
--

DROP TABLE IF EXISTS `TeleMega_Voltage`;
/*!40101 SET @saved_cs_client     = @@character_set_client */;
/*!40101 SET character_set_client = utf8 */;
CREATE TABLE `TeleMega_Voltage` (
  `id` int(11) NOT NULL AUTO_INCREMENT,
  `f_id` int(11) NOT NULL,
  `time` datetime NOT NULL,
  `state` int(8) NOT NULL,
  `v_batt` int(16) NOT NULL,
  `v_pyro` int(16) NOT NULL,
  `pyro_sense` int(8) NOT NULL,
  `ground_pres` int(32) NOT NULL,
  `ground_accel` int(16) NOT NULL,
  `accel_plus_g` int(16) NOT NULL,
  `accel_minus_g` int(16) NOT NULL,
  `acceleration` int(16) NOT NULL,
  `speed` int(16) NOT NULL,
  `height` int(16) NOT NULL,
  PRIMARY KEY (`id`),
  KEY `f_id` (`f_id`),
  CONSTRAINT `TeleMega_Voltage_ibfk_1` FOREIGN KEY (`f_id`) REFERENCES `Flights` (`id`)
) ENGINE=InnoDB DEFAULT CHARSET=utf8;
/*!40101 SET character_set_client = @saved_cs_client */;

--
-- Dumping data for table `TeleMega_Voltage`
--

LOCK TABLES `TeleMega_Voltage` WRITE;
/*!40000 ALTER TABLE `TeleMega_Voltage` DISABLE KEYS */;
/*!40000 ALTER TABLE `TeleMega_Voltage` ENABLE KEYS */;
UNLOCK TABLES;

--
-- Table structure for table `raw_aprs`
--

DROP TABLE IF EXISTS `raw_aprs`;
/*!40101 SET @saved_cs_client     = @@character_set_client */;
/*!40101 SET character_set_client = utf8 */;
CREATE TABLE `raw_aprs` (
  `id` int(11) NOT NULL AUTO_INCREMENT,
  `p_id` int(11) NOT NULL,
  `time` datetime(4) DEFAULT CURRENT_TIMESTAMP(4),
  `data` varchar(255) NOT NULL,
  `callsign` varchar(25) DEFAULT NULL,
  PRIMARY KEY (`id`),
  KEY `p_id` (`p_id`),
  CONSTRAINT `raw_aprs_ibfk_1` FOREIGN KEY (`p_id`) REFERENCES `Parser_Status` (`id`)
) ENGINE=InnoDB DEFAULT CHARSET=utf8;
/*!40101 SET character_set_client = @saved_cs_client */;

--
-- Dumping data for table `raw_aprs`
--

LOCK TABLES `raw_aprs` WRITE;
/*!40000 ALTER TABLE `raw_aprs` DISABLE KEYS */;
/*!40000 ALTER TABLE `raw_aprs` ENABLE KEYS */;
UNLOCK TABLES;
/*!40103 SET TIME_ZONE=@OLD_TIME_ZONE */;

/*!40101 SET SQL_MODE=@OLD_SQL_MODE */;
/*!40014 SET FOREIGN_KEY_CHECKS=@OLD_FOREIGN_KEY_CHECKS */;
/*!40014 SET UNIQUE_CHECKS=@OLD_UNIQUE_CHECKS */;
/*!40101 SET CHARACTER_SET_CLIENT=@OLD_CHARACTER_SET_CLIENT */;
/*!40101 SET CHARACTER_SET_RESULTS=@OLD_CHARACTER_SET_RESULTS */;
/*!40101 SET COLLATION_CONNECTION=@OLD_COLLATION_CONNECTION */;
/*!40111 SET SQL_NOTES=@OLD_SQL_NOTES */;

-- Dump completed on 2018-04-06 20:28:55
